5765.458429,5896.716476,5983.184524,6028.996749,6038.069921,6014.106280,5960.597287,5880.827868,5777.881302,5654.644554,5513.814034,5357.901658,5189.241205,5009.994872,4822.159995,4627.575879,4427.930692,4224.768392,4019.495646,3813.388710,3607.600238,3403.166004,3201.011497,3001.958418,2806.730966,2615.962071,2430.199133,2249.910157,2075.489120,1907.261421,1745.489060,1590.375617,1442.071010,1300.676041,1166.246732,1038.798439,918.309773,804.726285,697.963974,597.912576,504.438665,417.388558,336.591034,261.859874,192.996218,129.790756,72.025690,19.475612,28.081765,70.888740,109.173911,143.172331,173.117795,199.242229,221.774767,240.940901,256.961724,270.053265,280.425908,288.283895,293.824903,297.239696,298.711838,298.417468,296.525132,293.195670,288.582143,282.829812,276.076148,268.450884,260.076093,251.066306,241.528642,231.562964,221.262065,210.711860,199.991596,189.174072,178.325876,167.507627
4911.398411,5083.443632,5210.411916,5296.276812,5344.813227,5359.598973,5344.017182,5301.259413,5234.329389,5146.047273,5039.054349,4915.818203,4778.638111,4629.650752,4470.836119,4304.023583,4130.898078,3953.006346,3771.763264,3588.458083,3404.260727,3220.227997,3037.309698,2856.354670,2678.116701,2503.260307,2332.366359,2165.937613,2004.403782,1848.126994,1697.406514,1552.483551,1413.545808,1280.731855,1154.135300,1033.808752,919.767606,811.993626,710.438341,615.026250,525.657843,442.212442,364.550865,292.517921,225.944734,164.650907,108.446515,57.133872,10.506751,31.630805,69.504543,103.319951,133.290084,159.626907,182.540635,202.238884,218.925899,232.801865,244.062298,252.897521,259.492212,264.025025,266.668267,267.587647,266.942076,264.883513,261.556869,257.099942,251.643405,245.310820,238.218686,230.476524,222.186973,213.445925,204.342673,194.960079,185.374748,175.657234,165.872242,156.078840
4105.958241,4314.375567,4477.690257,4599.705876,4684.046087,4734.154709,4753.297084,4744.561997,4710.864305,4654.948146,4579.390682,4486.606255,4378.850940,4258.227394,4126.689974,3986.050051,3837.981491,3684.026242,3525.600005,3363.997943,3200.400406,3035.878622,2871.400365,2707.835537,2545.961677,2386.469356,2229.967462,2076.988340,1927.992801,1783.375027,1643.467041,1508.543556,1378.826106,1254.487283,1135.654732,1022.414971,914.817030,812.875921,716.575913,625.873653,540.701094,460.968273,386.565909,317.367842,253.233323,194.009137,139.531586,89.628305,44.119809,2.807906,34.450951,67.896181,97.702581,124.063237,147.170256,167.214099,184.382799,198.861267,210.830656,220.467816,227.944814,233.428526,237.080297,239.055647,239.504048,238.568745,236.386621,233.088109,228.797146,223.631159,217.701085,211.111420,203.960294,196.339577,188.334993,180.026263,171.487264,162.786193,153.985750,145.143335
3349.791724,3590.294804,3785.915027,3940.277750,4056.846860,4138.923777,4189.647695,4211.996085,4208.786511,4182.678735,4136.177495,4071.635746,3991.258340,3897.106048,3791.099898,3675.025753,3550.539092,3419.169948,3282.327966,3141.307531,2997.292951,2851.363654,2704.499368,2557.585278,2411.417119,2266.706192,2124.084296,1984.108547,1847.266080,1713.978633,1584.606969,1459.455170,1338.774836,1222.768848,1111.595510,1005.372000,904.177923,808.058640,717.028446,631.073571,550.155037,474.211344,403.161003,336.904925,275.328651,218.304444,165.693236,117.346436,73.107577,32.813608,3.688706,36.607698,66.083101,92.299092,115.430624,135.651744,153.134942,168.050440,180.565555,190.844130,199.046033,205.326724,209.836892,212.722139,214.122724,214.173363,213.003063,210.735011,207.486497,203.368874,198.487551,192.942012,186.825872,180.226948,173.227350,165.903605,158.326779,150.562631,142.671761,134.709792
2643.249401,2911.692625,3135.702082,3318.717775,3464.036667,3574.810417,3654.044371,3704.597243,3729.181798,3730.365835,3710.574170,3672.090925,3617.062395,3547.500235,3465.285047,3372.170228,3269.786078,3159.644091,3043.141404,2921.565363,2796.098169,2667.821570,2537.721583,2406.693204,2275.545093,2145.004228,2015.720459,1888.271018,1763.164913,1640.847230,1521.703304,1406.062778,1294.203525,1186.355429,1082.704084,983.394090,888.532697,798.192812,712.416106,631.215901,554.579939,482.472981,414.839269,351.604852,292.679759,237.960047,187.329708,140.662457,97.823367,58.670367,23.055146,9.165696,38.165165,64.087108,87.092541,107.339950,124.986960,140.189719,153.102251,163.875874,172.658688,179.595120,184.825533,188.485898,190.707511,191.616766,191.334969,189.978203,187.657220,184.477385,180.538632,175.935474,170.757020,165.087029,159.003977,152.581153,145.886765,138.984060,131.931467,124.782742
1986.396133,2278.785181,2527.402558,2735.497109,2906.192643,3042.484658,3147.238122,3223.186495,3272.930838,3298.940332,3303.553092,3288.977778,3257.295411,3210.461939,3150.311024,3078.557205,2996.799324,2906.524194,2809.110451,2705.832564,2597.864948,2486.286169,2372.083198,2256.155686,2139.320256,2022.314755,1905.802485,1790.376365,1676.563037,1564.826873,1455.573899,1349.155611,1245.872675,1145.978514,1049.682767,957.154617,868.526038,783.894678,703.327048,626.861147,554.509149,486.259931,422.081450,361.923000,305.717326,253.382627,204.824414,159.937261,118.606428,80.709356,46.116992,14.693976,13.687867,39.185460,61.931460,82.070610,99.746434,115.101631,128.277493,139.413317,148.645879,156.108967,161.932972,166.244540,169.166268,170.816458,171.308910,170.752761,169.252360,166.907182,163.811772,160.055720,155.723667,150.895325,145.645532,140.044322,134.157006,128.044279,121.762335,115.362996
1379.028318,1691.529581,1961.118347,2190.846913,2383.661086,2542.394801,2669.767298,2768.380756,2840.718786,2889.146065,2915.908003,2923.131712,2912.826981,2886.888077,2847.095809,2795.120007,2732.522295,2660.759148,2581.185163,2495.056509,2403.534538,2307.689493,2208.504307,2106.878457,2003.631840,1899.508665,1795.181325,1691.254240,1588.267652,1486.701361,1386.978382,1289.468524,1194.491868,1102.322155,1013.190047,927.286300,844.764797,765.745474,690.317161,618.540096,550.448713,486.053915,425.345407,368.293882,314.853076,264.961703,218.545279,175.517822,135.783454,99.237871,65.769706,35.261661,7.588565,17.358116,39.728183,59.640128,77.224633,92.611634,105.930264,117.308315,126.871698,134.743973,141.045925,145.895196,149.405967,151.688694,152.849880,152.991897,152.212837,150.606411,148.261868,145.263950,141.692878,137.624353,133.129589,128.275359,123.124064,117.733816,112.158532,106.448046
820.692930,1149.641748,1436.717260,1684.772735,1896.570956,2074.780149,2221.969046,2340.603793,2433.045635,2501.549375,2548.262594,2575.225458,2584.371260,2577.527206,2556.415904,2522.657178,2477.770191,2423.175902,2360.199773,2290.074683,2213.944031,2132.864964,2047.811734,1959.679120,1869.285916,1777.378451,1684.634108,1591.664853,1499.020721,1407.193280,1316.619021,1227.682696,1140.720580,1056.023649,973.840656,894.381128,817.818243,744.291614,673.909950,606.753623,542.877116,482.311321,425.065761,371.130751,320.479326,273.069135,228.844214,187.736644,149.668107,114.551339,82.291477,52.787274,25.932005,1.591186,20.269238,39.850045,57.237179,72.548777,85.902434,97.414961,107.201878,115.376940,122.051701,127.335134,131.333303,134.149074,135.881882,136.627525,136.478007,135.521409,133.841797,131.519155,128.629352,125.244128,121.431099,117.253795,112.771705,108.040342,103.111321,98.032450
310.703666,652.611485,953.849736,1217.069099,1444.847360,1639.683419,1803.991323,1940.097403,2050.236229,2136.548466,2201.079264,2245.777317,2272.494587,2282.986521,2278.912765,2261.838405,2233.235380,2194.484433,2146.877246,2091.618830,2029.830133,1962.550804,1890.742105,1815.289922,1737.007861,1656.640402,1574.866082,1492.300694,1409.500482,1326.965321,1245.141851,1164.426578,1085.168909,1007.674122,932.206260,858.990947,788.218107,720.044603,654.596763,591.972827,532.245266,475.463026,421.653660,370.825313,322.968658,278.058755,236.056713,196.911318,160.560549,126.932995,95.949174,67.522759,41.561653,17.968522,3.339170,22.507447,39.604597,54.746283,68.039345,79.590171,89.504376,97.886338,104.838769,110.462320,114.855241,118.113086,120.328456,121.590784,121.986163,121.597198,120.502897,118.778590,116.495879,113.722600,110.522821,106.956857,103.081298,98.949057,94.609435,90.108194
151.839341,199.720294,511.963103,787.334942,1028.226168,1236.963608,1415.804637,1566.932311,1692.450804,1794.383155,1874.668273,1935.159377,1977.623076,2003.738940,2015.099447,2013.210642,1999.493040,1975.282922,1941.834015,1900.319287,1851.833125,1797.393639,1737.945134,1674.360722,1607.445037,1537.937022,1466.512778,1393.788453,1320.323135,1246.621754,1173.137970,1100.277021,1028.398548,957.819350,888.816096,821.627956,756.459175,693.481540,632.836796,574.638947,518.976481,465.914498,415.496746,367.747555,322.673700,280.266113,240.501550,203.344196,168.747089,136.653511,106.998279,79.708950,54.706916,31.908336,11.223849,7.423421,24.152724,39.042042,52.190326,63.694204,73.649887,82.152823,89.297273,95.175922,99.879525,103.496600,106.113167,107.812514,108.675010,108.777946,108.195416,106.998212,105.253759,103.026070,100.375723,97.359858,94.032191,90.443053,86.639428,82.665021
568.034314,209.941270,110.318036,394.987119,646.266460,866.309610,1057.214817,1221.019471,1359.695314,1475.144644,1569.196683,1643.606098,1700.050709,1740.130535,1765.367286,1777.204268,1777.006839,1766.063064,1745.584879,1716.709483,1680.500983,1637.952255,1589.987043,1537.462112,1481.169626,1421.839580,1360.142316,1296.691095,1232.044708,1166.710102,1101.145009,1035.760564,970.923905,906.960727,844.157796,782.765415,722.999827,665.045541,609.057603,555.163780,503.466666,454.045704,406.959130,362.245829,319.927095,280.008316,242.480580,207.322139,174.499905,143.970702,115.682601,89.576046,65.584954,43.637701,23.657861,5.561094,10.712332,25.278989,38.209128,49.591105,59.512301,68.059689,75.319485,81.376767,86.315118,90.216314,93.160047,95.223687,96.482082,97.007385,96.868921,96.133071,94.863195,93.119568,90.959347,88.436550,85.602062,82.503650,79.185999,75.690755
939.156454,577.459557,251.994416,39.275078,298.365210,527.251961,727.874115,902.121962,1051.832585,1178.785242,1284.697732,1371.222919,1439.947096,1492.387812,1529.992860,1554.139639,1566.135010,1567.215508,1558.548008,1541.230554,1516.293615,1484.701547,1447.354186,1405.088718,1358.681640,1308.850859,1256.257886,1201.510100,1145.163076,1087.722939,1029.648747,971.354872,913.213378,855.556378,798.678358,742.838463,688.262741,635.146324,583.655553,533.930039,486.084660,440.211468,396.381543,354.646755,315.041453,277.584079,242.278693,209.116426,178.076864,149.129304,122.234036,97.343407,74.402958,53.352363,34.126306,16.654919,0.817684,13.305097,25.954267,37.149097,46.969101,55.493278,62.800213,68.967746,74.072617,78.190154,81.393987,83.755804,85.345138,86.229188,86.472667,86.137686,85.283654,83.967206,82.242155,80.159466,77.767238,75.110713,72.232296,69.171590
1266.643315,904.077715,576.041352,280.699786,16.226230,219.176475,427.293890,609.865316,768.592015,905.128850,1021.079872,1117.994704,1197.365722,1260.625354,1309.145000,1344.233419,1367.136204,1379.035536,1381.050217,1374.236207,1359.587396,1338.036577,1310.456773,1277.662627,1240.412058,1199.408019,1155.300370,1108.687848,1060.120114,1010.099843,959.084861,907.490297,855.690739,804.022396,752.785234,702.245084,652.635728,604.160931,556.996428,511.291856,467.172634,424.741771,384.081612,345.255520,308.309480,273.273639,240.163772,208.982671,179.721467,152.360881,126.872396,103.219375,81.358073,61.238612,42.805885,26.000258,10.757374,2.965983,15.289150,26.240883,35.901695,44.343317,51.637148,57.854164,63.064597,67.337627,70.741094,73.341241,75.202504,76.387314,76.955944,76.966374,76.474189,75.532490,74.191839,72.500217,70.502995,68.242937,65.760201,63.092365
1552.076373,1191.181878,863.027720,565.980518,298.402651,58.661935,154.856412,343.749457,509.580784,653.880046,778.136514,883.794881,972.251840,1044.853195,1102.891727,1147.605219,1180.175749,1201.728615,1213.332106,1215.997502,1210.679500,1198.276730,1179.632712,1155.536920,1126.726074,1093.885572,1057.651054,1018.610093,977.303956,934.229439,889.840782,844.551558,798.736650,752.734193,706.847534,661.347170,616.472667,572.434549,529.416143,487.575390,447.046603,407.942170,370.354202,334.356125,300.004202,267.338999,236.386782,207.160852,179.662806,153.883741,129.805389,107.401183,86.637263,67.473422,49.863947,33.758446,19.102344,5.834704,6.080522,16.743815,26.195690,34.503218,41.731170,47.944052,53.205930,57.580141,61.129004,63.913569,65.993387,67.426321,68.268375,68.573550,68.393739,67.778623,66.775610,65.429775,63.783832,61.878118,59.750585,57.436815
1797.164185,1440.284339,1114.284246,817.728612,549.164408,307.131506,90.171978,103.159537,274.294116,424.634451,555.554580,668.393436,764.450956,844.984741,911.207350,964.284206,1005.331641,1035.416173,1055.553429,1066.707853,1069.792629,1065.669945,1055.151496,1038.999262,1017.926406,992.598428,963.634435,931.608536,897.051340,860.451564,822.257659,782.879531,742.690280,702.027955,661.197335,620.471689,580.094544,540.281419,501.221542,463.079531,425.997033,390.094322,355.471851,322.211747,290.379256,260.024132,231.181968,203.875460,178.115628,153.902959,131.228497,110.074877,90.417293,72.224408,55.459202,40.079759,26.039913,13.289524,1.757632,8.539454,17.741065,25.870312,32.986600,39.148430,44.414053,48.841271,52.487160,55.407821,57.658151,59.291638,60.360193,60.914001,61.001397,60.668763,59.960453,58.918730,57.583721,55.993395,54.183549,52.187805
2003.725727,1653.007851,1331.251707,1037.216379,769.630372,527.202810,308.633408,112.621289,62.125342,216.888315,352.924121,471.465915,573.716313,660.843826,733.979768,794.215576,842.600765,880.141364,907.798493,926.487948,937.079530,940.397015,937.218261,928.275660,914.256765,895.805104,873.521168,847.963531,819.650114,789.059513,756.632415,722.773105,687.850991,652.202180,616.131067,579.911937,543.790572,507.985845,472.691295,438.076687,404.289532,371.456585,339.685285,309.065175,279.669252,251.555287,224.767080,199.335673,175.280500,152.610486,131.325098,111.415324,92.864616,75.649764,59.741722,45.106370,31.705210,19.495898,8.431723,1.495880,10.432068,18.346013,25.311410,31.381526,36.609195,41.046996,44.747045,47.760745,50.138558,51.929806,53.182488,53.943129,54.256650,54.166260,53.713369,52.937519,51.876332,50.565475,49.038642,47.327550
2173.674119,1831.070240,1515.466445,1225.811726,961.012378,719.943703,501.460408,304.405990,127.621009,30.047190,169.747211,292.601878,399.717292,492.172546,571.017032,637.267433,691.905238,735.874722,770.081361,795.390791,812.627754,822.575963,825.977733,823.534115,815.905249,803.710853,787.530962,767.906784,745.341691,720.302342,693.219860,664.491130,634.480124,603.519294,571.910982,539.928865,507.819396,475.803273,444.076862,412.813643,382.165592,352.264659,323.223983,295.139297,268.090187,242.141327,217.343668,193.735582,171.343964,150.185272,130.266530,111.586273,94.135442,77.898234,62.852895,48.972464,36.225460,24.576474,13.986498,4.409763,4.164751,11.835838,18.617367,24.560956,29.714566,34.125899,37.842392,40.911001,43.377984,45.288697,46.687413,47.617175,48.119607,48.234886,48.001594,47.456649,46.635251,45.570841,44.295069,42.837780
2309.001016,1976.269613,1668.546172,1384.964742,1124.604876,886.504302,669.669638,473.086134,295.726434,136.558335,5.439554,131.313186,242.047190,338.638563,422.054642,493.236920,553.098161,602.520117,642.351539,673.406685,696.464237,712.266327,721.518331,724.888473,723.007910,716.470979,705.835651,691.624135,674.323635,654.387230,632.234861,608.254403,582.802807,556.207308,528.766668,500.752453,472.410338,443.961415,415.603504,387.512468,359.843507,332.732433,306.296931,280.637782,255.840058,231.974284,209.097556,187.254623,166.478926,146.793592,128.212381,110.740595,94.375933,79.109304,64.925595,51.804383,39.720613,28.645197,18.545501,9.385231,1.095707,6.248756,12.820117,18.607875,23.656534,28.009347,31.709367,34.799361,37.321612,39.317713,40.828393,41.893353,42.551129,42.838968,42.792736,42.446832,41.834125,40.985901,39.931835,38.699962
2411.760476,2090.469054,1792.176314,1516.194852,1261.772646,1028.105768,814.348985,619.626214,443.039585,283.677594,140.622372,12.953538,100.230914,199.842469,286.762345,361.856863,425.969866,479.920074,524.498840,560.468301,588.559945,609.473503,623.876197,632.402119,635.652198,634.194037,628.562168,619.258379,606.752270,591.481905,573.854592,554.247754,533.009891,510.461607,486.896689,462.583228,437.764776,412.661515,387.471448,362.371582,337.519117,313.052618,289.093176,265.745542,243.099243,221.229663,200.199097,180.057761,160.844779,142.589124,125.310512,109.020270,93.722151,79.413115,66.084059,53.720510,42.303276,31.809039,22.210881,13.478601,5.577321,1.482544,7.838879,13.446947,18.364649,22.631540,26.286636,29.368784,31.916514,33.967869,35.560219,36.730102,37.513083,37.943632,38.055019,37.879227,37.446885,36.787208,35.927962,34.895429
2484.055399,2175.583812,1888.096148,1621.077504,1373.938735,1146.028955,936.646914,745.051883,570.472300,412.114779,269.171594,140.827481,26.264703,75.324686,164.750816,242.802198,310.253953,367.861676,416.358991,456.455429,488.834683,514.153211,533.039196,546.091795,553.880521,556.945169,555.795638,550.912100,542.745312,531.717060,518.220751,502.622076,485.259804,466.446638,446.470130,425.593654,404.057417,382.079498,359.856906,337.566656,315.366839,293.397697,271.782687,250.629527,230.031229,210.067108,190.803763,172.296027,154.587889,137.713387,121.697452,106.556732,92.300366,78.930727,66.444124,54.831470,44.078898,34.168347,25.078090,16.783154,9.255312,2.455414,3.594472,9.006446,13.771838,17.929725,21.515591,24.564640,27.111890,29.192038,30.839281,32.087162,32.968427,33.514900,33.757377,33.725535,33.447854,32.951564,32.262591,31.405530
2528.022094,2233.566440,1958.086449,1701.232678,1462.572578,1241.603042,1037.762307,850.440382,678.988661,522.729110,380.961505,252.970975,138.034202,35.424519,55.578115,135.696085,205.633069,266.081967,317.718694,361.199981,397.161364,426.215549,448.951081,465.931323,477.693724,484.749314,487.582377,486.650478,482.384478,475.188809,465.441854,453.496460,439.680537,424.297755,407.628304,389.929721,371.437764,352.367316,332.913329,313.251776,293.540620,273.920786,254.517133,235.439414,216.783226,198.630945,181.052636,164.106947,147.841967,132.296059,117.498671,103.471102,90.227241,77.774273,66.113349,55.240221,45.145839,35.816914,27.236434,19.384113,12.236673,5.766936,0.207880,5.217562,9.814311,13.844183,17.340344,20.334726,22.859086,24.944979,26.623614,27.925707,28.881337,29.519817,29.869582,29.958128,29.811876,29.456153,28.915123,28.211755
2545.817416,2266.394873,2003.957189,1758.312927,1529.179419,1316.195602,1118.933813,936.910476,769.596107,616.424200,476.799232,350.104422,235.707738,132.968176,41.240524,40.115598,111.744635,174.273382,228.320733,274.490737,313.370710,345.529357,371.515216,391.855401,407.054619,417.594471,423.932945,426.504154,425.718154,421.961126,415.595498,406.960294,396.371588,384.123017,370.486411,355.712472,340.031514,323.654244,306.772585,289.560515,272.174936,254.756546,237.430716,220.308371,203.486856,187.050799,171.072956,155.615035,140.728503,126.455363,112.828914,99.874478,87.610090,76.047177,65.191189,55.042202,45.595495,36.842088,28.769239,21.360904,14.598105,8.458857,2.913656,2.008655,6.431385,10.318234,13.707789,16.629346,19.111681,21.183427,22.872992,24.208433,25.217307,25.926554,26.362389,26.550196,26.514458,26.278682,25.865348,25.295865
2539.605296,2276.059247,2027.535211,1793.991816,1575.289205,1371.201943,1181.430851,1005.613923,843.336296,694.139409,557.529190,432.983777,319.960100,217.900374,126.237084,44.397892,28.185718,92.088969,147.868940,196.078047,237.255603,271.926332,300.598628,323.763077,341.891291,355.434965,364.825190,370.471976,372.763975,372.068295,368.730639,363.075395,355.405940,346.005025,335.135242,323.039577,309.942019,296.048217,281.546193,266.607070,251.385839,236.022137,220.641036,205.353837,190.258862,175.442244,160.978704,146.932313,133.357255,120.298500,107.792592,95.868278,84.547178,73.844418,63.769230,54.325530,45.512461,37.324911,29.753993,22.787491,16.410242,10.604351,5.348395,0.558321,3.564425,7.298236,10.567674,13.401390,15.825586,17.866205,19.549046,20.899669,21.943261,22.704526,23.207566,23.475787,23.531816,23.397433,23.093509,22.639962
2511.544413,2264.550317,2030.653197,1809.953353,1602.446238,1408.035330,1226.543955,1057.726285,901.277382,756.842440,624.025213,502.395728,391.497168,290.852311,199.969067,118.345806,45.475262,19.146278,76.032980,125.678380,168.575395,205.205075,236.035762,261.521479,282.100550,298.194486,310.207107,318.523872,323.511431,325.517319,324.869858,321.878089,316.832004,310.002724,301.642853,291.986890,281.251722,269.637165,257.326558,244.487403,231.272003,217.818185,204.249981,190.678342,177.201860,163.907483,150.871227,138.158878,125.826686,113.922036,102.484114,91.544537,81.127973,71.252740,61.931368,53.171149,44.974652,37.340217,30.262414,23.732475,17.738680,12.266643,7.299244,2.812653,1.143062,4.733155,7.872483,10.606282,12.959004,14.954195,16.615242,17.965376,19.027564,19.824404,20.378009,20.709913,20.840989,20.791374,20.580409,20.226593
2463.776502,2233.848240,2015.138877,1807.881684,1612.199551,1428.117768,1255.575830,1094.438404,944.505431,805.521400,677.183877,559.151300,451.050075,352.481032,263.025267,182.249333,109.709993,44.958323,12.450827,62.978671,107.060082,145.135043,177.632234,204.969266,227.551201,245.769268,259.999802,270.603436,277.924456,282.290359,284.011573,283.381322,280.675578,276.153236,270.056268,262.610029,254.023632,244.490374,234.188229,223.280375,211.915768,200.229736,188.344598,176.370299,164.405054,152.535994,140.839817,129.383426,118.224570,107.412467,96.988412,86.986375,77.433579,68.351051,59.754166,51.653155,44.053599,36.956896,30.360698,24.259328,18.644154,13.503909,8.824828,4.589740,0.740298,2.572944,5.577367,8.202010,10.472492,12.410410,14.036966,15.373232,16.440105,17.258209,17.847787,18.228611,18.419894,18.440219,18.307478,18.038816
2398.415271,2185.911953,1982.804944,1789.451442,1606.093598,1432.871123,1269.833019,1116.948480,974.116952,841.177442,717.917094,604.079016,499.369491,403.464517,316.015769,236.655985,165.003834,100.668204,43.251910,7.636498,52.414239,91.460370,125.168422,153.920047,178.087261,198.031081,214.100331,226.630686,235.943847,242.346978,246.132273,247.576677,246.941746,244.473633,240.403133,234.945915,228.302742,220.659807,212.189119,203.048938,193.384250,183.327288,172.998056,162.504900,151.945071,141.405311,130.962434,120.683916,110.628472,100.846633,91.381307,82.268336,73.537026,65.210675,57.307072,49.838981,42.814604,36.238024,30.109623,24.426475,19.182715,14.369855,9.977007,5.990683,2.390341,0.744510,3.639707,6.149051,8.328929,10.199984,11.781521,13.092642,14.152321,14.979339,15.592189,16.008985,16.247379,16.324488,16.256828,16.060265
2317.536080,2122.669267,1935.439504,1756.318617,1585.659556,1423.708800,1270.617928,1126.454406,991.211575,864.817928,747.145663,638.018555,537.219210,444.495657,359.567408,282.130939,211.864664,148.433416,91.492444,40.690813,4.312815,43.903406,78.402939,108.165667,133.531056,154.830178,172.384478,186.504663,197.489791,205.626535,211.188631,214.436468,215.616823,214.962717,212.693383,209.014338,204.117504,198.181480,191.371795,183.841267,175.730387,167.167752,158.270526,149.144919,139.886694,130.581683,121.306310,112.128121,103.106310,94.292246,85.729990,77.456807,69.503662,61.895705,54.652742,47.789686,41.316997,35.241093,29.564752,24.287485,19.405885,14.913944,10.803301,7.063287,3.679668,0.586507,2.017129,4.410220,6.493484,8.290161,9.818136,11.094750,12.137213,12.962593,13.587749,14.029244,14.303264,14.425543,14.411304,14.275200
2223.166285,2046.007596,1874.797203,1710.112019,1552.407124,1402.027881,1259.221290,1124.146607,996.885219,877.449833,765.792976,661.814857,565.370616,476.276961,394.318268,319.252144,250.814465,188.723966,132.686381,82.398068,37.549200,2.150438,37.075856,67.479410,93.686280,115.998158,134.709400,150.105922,162.464191,172.050366,179.119621,183.915618,186.670125,187.602766,186.920871,184.819444,181.481214,177.076746,171.764667,165.691905,158.993999,151.795450,144.210104,136.341571,128.283658,120.120819,111.928629,103.774251,95.716915,87.808395,80.093483,72.610457,65.391542,58.463356,51.847352,45.560240,39.614391,34.018236,28.776637,23.891240,19.360813,15.181550,11.347328,7.849846,4.678213,1.812573,0.642733,2.950235,4.933537,6.650266,8.117944,9.352437,10.369353,11.184185,11.812272,12.268729,12.568369,12.725631,12.754517,12.668539
2117.276375,1957.765409,1802.590956,1652.425336,1507.816899,1369.201812,1236.915147,1111.201289,992.223619,880.073592,774.779136,676.312461,584.597268,499.515397,420.912932,348.605809,282.384874,222.020605,167.267272,117.866744,73.551879,34.049347,0.864621,31.618746,58.340792,81.350658,100.916243,117.299002,130.753003,141.523986,149.848573,155.953643,160.055835,162.361194,163.064927,162.351262,160.393413,157.353612,153.383223,148.622904,143.202857,137.243088,130.853723,124.135359,117.179429,110.068602,102.877190,95.671567,88.510598,81.446070,74.523119,67.780661,61.251816,54.964319,48.940927,43.199813,37.754948,32.616468,27.791026,23.282129,19.090449,15.214125,11.649014,8.388868,5.425232,2.745414,0.207880,1.734004,3.618528,5.251655,6.653963,7.840302,8.824878,9.621743,10.244835,10.707921,11.024534,11.207898,11.270875,11.225900
2001.771849,1859.724331,1720.484368,1584.809818,1453.333306,1326.573589,1204.946320,1088.774169,978.296310,873.677311,775.015412,682.350218,595.669855,514.917580,439.997840,370.781924,307.113055,248.811101,195.676825,147.495758,104.041686,65.079753,30.369018,0.207880,27.269161,50.689957,70.832620,87.934776,102.228447,113.939168,123.285139,130.476497,135.714730,139.192223,141.091923,141.587110,140.841263,139.008022,136.231206,132.644924,128.373704,123.532726,118.228049,112.556899,106.607980,100.461810,94.191075,87.860997,81.529718,75.248681,69.063019,63.011946,57.129143,51.443135,45.977672,40.752085,35.781652,31.077930,26.649094,22.500247,18.633722,15.049360,11.744759,8.715471,5.955027,3.454109,1.188453,0.712119,2.519605,4.067634,5.401048,6.534641,7.481471,8.254303,8.865788,9.328448,9.654624,9.856411,9.945597,9.933613
1878.485607,1753.602010,1630.084800,1508.767545,1390.358122,1275.449522,1164.530364,1057.994654,956.151027,859.231400,767.399082,680.756347,599.351447,523.185181,452.216923,386.370199,325.537811,269.586550,218.361488,171.689874,129.384701,91.247882,57.073107,26.648122,0.207880,23.807248,44.274943,61.852686,76.751142,89.175976,99.327207,107.398374,113.575886,118.038475,120.956780,122.493030,122.800838,122.025069,120.301797,117.758328,114.513281,110.676729,106.350368,101.627758,96.594562,91.328832,85.901310,80.375748,74.809244,69.252580,63.750575,58.342431,53.062087,47.938565,42.996317,38.255557,33.732594,29.440150,25.387668,21.581608,18.025728,14.721349,11.667596,8.861595,6.298561,3.971433,1.866909,0.207880,1.608538,3.073337,4.335843,5.413403,6.318336,7.062287,7.656742,8.113079,8.442535,8.656155,8.764728,8.778742
1749.171562,1641.045450,1532.936934,1425.745345,1320.244544,1217.093490,1116.846045,1019.960520,926.808573,837.683607,752.808669,672.343820,596.393065,525.010766,458.207611,395.956134,338.195820,284.837789,235.769101,190.856677,149.950891,112.888805,79.497093,49.594640,22.994556,0.373519,21.050391,38.882889,54.172130,67.104679,77.862725,86.623430,93.558300,98.832503,102.604398,105.025149,106.238427,106.380222,105.578717,103.954249,101.619323,98.678687,95.229452,91.361251,87.156450,82.690363,78.031515,73.241909,68.377318,63.487585,58.616931,53.804271,49.083532,44.483964,40.030459,35.743859,31.641258,27.736302,24.039470,20.558354,17.297924,14.260774,11.447353,8.856161,6.483865,4.325141,2.370905,0.569912,0.852021,2.245490,3.436701,4.456154,5.316163,6.027480,6.600551,7.045712,7.373185,7.593038,7.715135,7.749085
1615.498524,1523.625480,1430.517317,1337.129187,1244.291882,1152.721783,1063.030311,975.733028,891.258102,809.954491,732.099536,657.906177,587.529661,521.073838,458.597021,400.117419,345.618188,295.052086,248.345736,205.403576,166.111440,130.339827,97.946869,68.781004,42.683324,19.489326,0.916650,18.847882,34.334796,47.587614,58.771426,68.047433,75.572461,81.498271,85.971067,89.130988,91.111770,92.040481,92.037339,91.215598,89.681509,87.534332,84.866403,81.763237,78.303685,74.560098,70.598548,66.479051,62.255811,57.977486,53.687453,49.424097,45.221084,41.107655,37.108906,33.246073,29.536812,25.995471,22.633353,19.458978,16.478328,13.695078,11.110816,8.725233,6.536249,4.539966,2.729732,1.085726,0.207880,1.561890,2.683596,3.644012,4.457088,5.132994,5.681285,6.111355,6.432497,6.653881,6.784511,6.833180
1479.045058,1402.831493,1324.229263,1244.239461,1163.740683,1083.498379,1004.173792,926.332555,850.452874,776.933269,706.099925,638.213642,573.476357,512.037263,453.998518,399.420602,348.327252,300.710068,256.532742,215.734975,178.236053,143.938123,112.729179,84.485765,59.075408,36.358754,16.191003,1.541704,17.076291,30.480823,41.926525,51.559353,59.521817,65.952561,70.985788,74.750723,77.371237,78.965499,79.645736,79.518067,78.682399,77.232396,75.255478,72.832890,70.039791,66.945396,63.613126,60.100806,56.460863,52.740556,48.982207,45.223449,41.497477,37.833303,34.256019,30.787046,27.444395,24.242918,21.194550,18.308547,15.591721,13.048652,10.681897,8.492168,6.478469,4.638095,2.966093,1.450621,0.207880,0.999709,2.057988,2.959589,3.724642,4.363232,4.884197,5.296099,5.607385,5.826401,5.961359,6.020294
1341.295019,1280.067067,1215.398516,1148.326609,1079.768701,1010.530947,941.316703,872.734642,805.306420,739.474129,675.607325,614.009631,554.925074,498.543981,445.008551,394.418044,346.833631,302.282897,260.764028,222.249668,186.690470,154.018363,124.149536,96.987154,72.423821,50.343794,30.624902,13.139617,2.215454,15.635385,27.196158,37.042797,45.304232,52.106326,57.571535,61.818376,64.960970,67.108652,68.365695,68.831080,68.598336,67.755459,66.384871,64.563428,62.362477,59.847941,57.080439,54.115439,51.003415,47.790046,44.516411,41.219207,37.930965,34.680282,31.492054,28.387702,25.385410,22.500351,19.744913,17.128923,14.659850,12.343022,10.181804,8.177778,6.330873,4.639398,3.099700,1.703605,0.375054,0.525392,1.542608,2.386918,3.103699,3.703842,4.195690,4.587088,4.885725,5.099195,5.234981,5.300420
1203.633815,1156.646252,1105.269558,1050.567471,993.487155,934.867212,875.445474,815.866572,756.689157,698.392928,641.385276,586.007624,532.541474,481.214071,432.203786,385.645146,341.633553,300.229679,261.463570,225.338433,191.834145,160.910491,132.510128,106.561293,82.980285,61.673695,42.540414,25.473347,10.360008,2.889994,14.444562,24.377381,32.813240,39.865921,45.646487,50.262980,53.819953,56.418051,58.153677,59.118702,59.400295,59.080763,58.237479,56.942843,55.264295,53.264362,51.000739,48.526399,45.889724,43.134661,40.300888,37.424004,34.535714,31.664034,28.833495,26.065355,23.377806,20.786180,18.303162,15.938987,13.701638,11.597035,9.629212,7.800480,6.111553,4.561596,3.148000,1.864756,0.682820,0.207880,1.121053,1.911376,2.580421,3.141668,3.603270,3.972483,4.256327,4.461712,4.595457,4.664255
1067.345375,1033.790507,995.002537,952.062212,905.937707,857.491918,807.489611,756.604402,705.425506,654.464284,604.160512,554.888394,506.962278,460.642102,416.138541,373.617853,333.206440,294.995127,259.043145,225.381845,194.018143,164.937702,138.107864,113.480350,90.993717,70.575605,52.144767,35.612879,20.886043,7.864689,3.527456,13.439730,21.939285,29.134303,35.125112,40.009619,43.883049,46.837534,48.961728,50.340502,51.054706,51.180977,50.791630,49.954577,48.733296,47.186845,45.369906,43.332854,41.121864,38.779030,36.342501,33.846638,31.322180,28.796420,26.293381,23.834011,21.436362,19.115786,16.885118,14.754863,12.733379,10.827046,9.040436,7.376458,5.836485,4.420405,3.126458,1.950098,0.873849,0.207880,0.776716,1.519586,2.142196,2.664701,3.095506,3.441427,3.708901,3.904230,4.033623,4.103186
933.609831,912.626297,885.670811,853.831836,818.089936,779.324303,738.319217,695.770422,652.291341,608.419133,564.620558,521.297600,478.792882,437.394820,397.342525,358.830446,322.012750,287.007457,253.900295,222.748309,193.583230,166.414589,141.232600,118.010826,96.708615,77.273334,59.642404,43.745133,29.504348,16.837671,5.656231,4.100625,12.570598,19.812085,25.919243,30.980451,35.081936,38.307544,40.738361,42.452382,43.524227,44.024929,44.021773,43.578177,42.753640,41.603710,40.179993,38.530198,36.698206,34.724159,32.644572,30.492460,28.297477,26.086067,23.881627,21.704662,19.572963,17.501769,15.503942,13.590132,11.768946,10.047105,8.429597,6.919817,5.519679,4.229672,3.048733,1.973380,0.991254,0.207880,0.488131,1.199325,1.777580,2.262027,2.661982,2.983999,3.234025,3.417820,3.541044,3.609266
803.501860,794.183350,778.259106,756.816266,730.839372,701.216088,668.742951,634.131102,598.011933,560.942640,523.411624,485.843737,448.605340,412.009147,376.318861,341.753601,308.492077,276.676543,246.416520,217.792290,190.858158,165.645488,142.165525,120.412007,100.363569,81.985954,65.234032,50.053639,36.383235,24.155351,13.297620,3.728995,4.591498,11.798335,17.939006,23.095638,27.346014,30.766003,33.429348,35.407333,36.768482,37.578311,37.899133,37.789916,37.306184,36.499960,35.419748,34.110544,32.613874,30.967857,29.207292,27.363757,25.465726,23.538697,21.605327,19.685578,17.796863,15.954201,14.170367,12.456046,10.819984,9.269133,7.808793,6.442735,5.173313,4.001508,2.926825,1.946578,1.051183,0.207880,0.207880,0.939387,1.476242,1.923769,2.293247,2.591172,2.823100,2.994315,3.109985,3.175190
677.989703,679.393514,673.662263,661.872995,645.006049,623.949956,599.506439,572.395463,543.260296,512.672512,481.136931,449.096436,416.936653,384.990471,353.542403,322.832739,293.061518,264.392293,236.955690,210.852765,186.158152,162.923000,141.177728,120.934565,102.189908,84.926500,69.115419,54.717909,41.687036,29.969175,19.505290,10.231638,2.068976,4.989615,11.093538,16.274168,20.603223,24.149099,26.978485,29.156168,30.744737,31.804315,32.392338,32.563380,32.369032,31.857808,31.075108,30.063188,28.861185,27.505148,26.028100,24.460113,22.828406,21.157444,19.469061,17.782582,16.114950,14.480866,12.892922,11.361739,9.896106,8.503110,7.188263,5.955622,4.807882,3.746420,2.771197,1.880126,1.065261,0.207880,0.207880,0.729401,1.228904,1.641040,1.980766,2.254770,2.468314,2.626275,2.733379,2.794268
557.934865,569.090285,572.684565,569.776260,561.333568,548.238520,531.291157,511.213889,488.655923,464.197707,438.355370,411.585092,384.287384,356.811273,329.458338,302.486604,276.114272,250.523280,225.862690,202.251887,179.783588,158.526693,138.528931,119.819325,102.410500,86.300804,71.476268,57.912409,45.575870,34.425915,24.415760,15.493664,7.603166,0.628183,5.290520,10.434502,14.780775,18.392009,21.328293,23.648186,25.408543,26.664248,27.467980,27.870012,27.918059,27.657172,27.129660,26.375047,25.430067,24.328668,23.102059,21.778758,20.384668,18.943160,17.475173,15.999318,14.531990,13.087491,11.678146,10.314427,9.005079,7.757238,6.576546,5.467259,4.432327,3.473434,2.590899,1.783071,1.042960,0.286811,0.207880,0.559463,1.027294,1.405884,1.716869,1.967418,2.162601,2.306948,2.404798,2.460394
444.092197,464.008699,476.039641,481.216795,480.488672,474.723757,464.713757,451.177355,434.763945,416.057509,395.580519,373.797838,351.120601,327.910014,304.481069,281.106147,258.018502,235.415592,213.462274,192.293836,172.018872,152.722001,134.466395,117.296190,101.238695,86.306468,72.499224,59.805605,48.204795,37.668005,28.159804,19.639300,12.061035,5.374361,0.321332,5.494420,9.805730,13.429546,16.420655,18.831792,20.714328,22.118099,23.091169,23.679623,23.927395,23.876128,23.565084,23.031079,22.308446,21.429029,20.422201,19.314893,18.131652,16.894707,15.624046,14.337507,13.050872,11.777973,10.530799,9.319599,8.153003,7.038117,5.980640,4.984948,4.054172,3.190223,2.393682,1.663193,0.992225,0.312094,0.207880,0.418965,0.864104,1.211229,1.494701,1.722498,1.899594,2.030232,2.118412,2.168018
337.110867,364.786034,384.350738,396.801917,403.061307,403.976902,400.325826,392.817061,382.094659,368.740968,353.279997,336.180840,317.861105,298.690330,278.993360,259.053642,239.116434,219.391906,200.058121,181.263894,163.131503,145.759268,129.223989,113.583219,98.877424,85.131972,72.358994,60.559107,49.722994,39.832864,30.863777,22.784835,15.560211,9.149784,3.506613,1.356331,5.605037,9.196670,12.197377,14.655053,16.615939,18.125051,19.226018,19.960874,20.369875,20.491344,20.361558,20.014662,19.482617,18.795170,17.979853,17.061999,16.064774,15.009229,13.914362,12.797189,11.672829,10.554590,9.454061,8.381212,7.344487,6.350905,5.406149,4.514651,3.679653,2.903219,2.186105,1.527113,0.919714,0.290127,0.207880,0.288541,0.732946,1.050829,1.308171,1.514100,1.673586,1.790639,1.868961,1.912115
237.536414,271.963572,298.151715,317.056420,329.565025,336.498796,338.614061,336.604460,331.103419,322.686679,311.875169,299.137903,284.894960,269.520495,253.345754,236.662048,219.723683,202.750793,185.932127,169.427690,153.371299,137.873008,123.021420,108.885858,95.518425,82.955910,71.221599,60.326934,50.273053,41.052220,32.649121,25.042057,18.203994,12.103428,6.704641,1.959404,2.100347,5.628646,8.600655,11.066193,13.067126,14.643963,15.836106,16.681704,17.217461,17.478482,17.498137,17.307961,16.937582,16.414677,15.764951,15.012135,14.178004,13.282414,12.343343,11.376954,10.397660,9.418202,8.449722,7.501857,6.582814,5.699467,4.857426,4.061120,3.313839,2.617730,1.973640,1.380381,0.830904,0.207880,0.207880,0.207880,0.628313,0.919215,1.151898,1.336974,1.479484,1.583251,1.651712,1.688150
145.811542,185.987136,217.888933,242.423489,260.437968,272.720534,280.000763,282.951665,282.190906,278.282912,271.741134,263.030367,252.569312,240.733165,227.856244,214.234632,200.128808,185.766231,171.343869,157.030650,142.969834,129.281283,116.063625,103.396323,91.341617,79.946363,69.243742,59.254883,49.990344,41.451497,33.631803,26.517973,20.091028,14.327210,9.198666,4.672971,0.669602,2.658909,5.573281,8.014005,10.021978,11.633789,12.884889,13.809729,14.441616,14.812554,14.953100,14.892254,14.657368,14.274088,13.766317,13.156198,12.464120,11.708733,10.906982,10.074155,9.223930,8.368445,7.518361,6.682936,5.870100,5.086529,4.337715,3.628028,2.960750,2.338047,1.760766,1.227552,0.730093,0.207880,0.207880,0.207880,0.545535,0.811633,1.021159,1.186485,1.312768,1.403680,1.462430,1.492046
62.279143,107.210077,143.922216,173.266857,196.044615,213.004648,224.844887,232.212146,235.703667,235.868067,233.207048,228.177301,221.192469,212.625357,202.810165,192.044778,180.593093,168.687324,156.530287,144.297635,132.140040,120.185288,108.540313,97.293120,86.514626,76.260402,66.572308,57.480032,49.002521,41.149326,33.921827,27.314377,21.315331,15.907982,11.071340,6.780535,3.004598,0.207880,3.057764,5.448078,7.435279,9.053954,10.336064,11.312604,12.013656,12.468259,12.704272,12.748243,12.625319,12.359167,11.971928,11.484183,10.914946,10.281668,9.600257,8.885112,8.149159,7.403910,6.659514,5.924819,5.207439,4.513815,3.849276,3.218086,2.623468,2.067541,1.551051,1.072236,0.620208,0.207880,0.207880,0.207880,0.480725,0.723981,0.911834,1.058557,1.169442,1.248032,1.297336,1.320151
12.809507,35.895116,76.527618,109.872025,136.676817,157.646928,173.443174,184.681844,191.935106,195.731369,196.556727,194.855982,191.034248,185.458694,178.460347,170.336062,161.350511,151.738203,141.705522,131.432728,121.075939,110.769060,100.625646,90.740700,81.192395,72.043705,63.343961,55.130312,47.429092,40.257102,33.622807,27.527431,21.965969,16.928107,12.399028,8.360030,4.788460,1.649642,0.980949,3.318496,5.262751,6.864673,8.153900,9.158337,9.905054,10.420285,10.729308,10.856325,10.824358,10.655161,10.369158,9.985408,9.521573,8.993921,8.417328,7.805299,7.170004,6.522310,5.871833,5.226989,4.595045,3.982174,3.393505,2.833158,2.304240,1.808755,1.347222,0.917096,0.501989,0.207880,0.207880,0.207880,0.430700,0.652747,0.820352,0.949632,1.045994,1.112865,1.153072,1.169205
79.312556,27.777127,15.898702,52.448968,82.556306,106.877695,126.032152,140.600841,151.126582,158.113977,162.029481,163.302581,162.326572,159.459874,155.027475,149.322512,142.607910,135.118136,127.060956,118.619210,109.952585,101.199352,92.478076,83.889266,75.516966,67.430288,59.684865,52.324230,45.381116,38.878680,32.831644,27.247349,22.126744,17.465275,13.253691,9.478726,6.123485,3.166307,0.529086,1.571795,3.461003,5.027176,6.303509,7.315574,8.087724,8.643569,9.005954,9.196846,9.237231,9.147025,8.944997,8.648726,8.274560,7.837604,7.351717,6.829520,6.282418,5.720632,5.153233,4.588182,4.032380,3.491705,2.971054,2.474360,2.004567,1.563479,1.151205,0.763728,0.369676,0.207880,0.207880,0.207880,0.392885,0.594938,0.743635,0.856617,0.939353,0.995150,1.026666,1.036302
137.156761,83.721156,37.839308,1.097534,33.836909,60.864275,82.789455,100.154527,113.469183,123.210200,129.821254,133.713180,135.264264,134.821347,132.700663,129.189065,124.545379,119.001800,112.765408,106.019694,98.926115,91.625644,84.240307,76.874681,69.617361,62.542369,55.710507,49.170654,42.960986,37.110134,31.638274,26.558134,21.875937,17.592274,13.702886,10.199360,7.069656,4.298087,1.860864,0.207880,1.986224,3.503775,4.751055,5.753831,6.534248,7.113540,7.512277,7.750317,7.846716,7.819633,7.686249,7.462718,7.164115,6.804414,6.396478,5.952058,5.481804,4.995286,4.501024,4.006515,3.518275,3.041866,2.581924,2.142157,1.725286,1.332803,0.964103,0.612170,0.207880,0.207880,0.207880,0.207880,0.365168,0.548005,0.679044,0.776841,0.846842,0.892227,0.915491,0.918857
186.366019,131.919125,84.654032,43.997135,9.384826,19.712745,43.836436,63.476006,79.105025,91.169215,100.086146,106.244904,110.006125,111.702233,111.638195,110.092223,107.316786,103.539728,98.965494,93.776398,88.133967,82.180291,76.039382,69.818521,63.609580,57.490318,51.525624,45.768716,40.262291,35.039606,30.125507,25.537393,21.286110,17.376793,13.809619,10.580500,7.681654,5.101904,2.825711,0.811116,0.780323,2.257461,3.463876,4.443680,5.218087,5.806315,6.226861,6.497616,6.635818,6.657959,6.579711,6.415860,6.180258,5.885788,5.544345,5.166830,4.763148,4.342229,3.912036,3.479601,3.051039,2.631578,2.225565,1.836442,1.466630,1.117134,0.786035,0.458821,0.207880,0.207880,0.207880,0.207880,0.345738,0.509785,0.624325,0.708004,0.766141,0.801773,0.817232,0.814566
227.042476,172.434084,124.568291,82.952720,47.097482,16.520046,9.237878,30.647934,48.129574,62.096601,72.937678,81.017445,86.676117,90.229393,91.968506,92.160853,91.050473,88.858909,85.786129,82.011565,77.695215,72.978791,67.986897,62.828218,57.596703,52.372726,47.224223,42.207798,37.369779,32.747233,28.368926,24.256232,20.423990,16.881290,13.632216,10.676504,8.010129,5.625715,3.512409,1.651785,0.207880,1.249120,2.410390,3.356886,4.113742,4.698876,5.128982,5.420154,5.587930,5.647241,5.612326,5.496675,5.312970,5.073047,4.787868,4.467507,4.121148,3.757083,3.382732,3.004652,2.628553,2.259311,1.900953,1.556600,1.228257,0.916120,0.615518,0.274768,0.207880,0.207880,0.207880,0.207880,0.332918,0.478438,0.577562,0.648135,0.695244,0.721755,0.729839,0.721364
259.363876,205.399421,157.676834,115.788437,79.318952,47.852143,20.975870,1.682601,20.593262,36.056399,48.450806,58.114480,65.364893,70.498647,73.791252,75.497192,75.850129,75.063521,73.331166,70.828016,67.711042,64.120179,60.179318,55.997329,51.669095,47.276549,42.889694,38.567603,34.359394,30.305160,26.436868,22.779207,19.350391,16.162910,13.224233,10.537445,8.101822,5.913279,3.964539,2.243857,0.712614,0.397055,1.559406,2.466432,3.196878,3.769209,4.198754,4.500016,4.686980,4.773116,4.771324,4.693867,4.552320,4.357518,4.119530,3.847636,3.550315,3.235245,2.909303,2.578576,2.248361,1.923160,1.606647,1.301536,1.009212,0.728346,0.446665,0.207880,0.207880,0.207880,0.207880,0.207880,0.325076,0.452399,0.537130,0.595548,0.632413,0.650397,0.651491,0.637374
283.578450,231.014751,184.136321,142.623281,106.137887,74.332208,46.854499,23.354258,3.478271,13.072268,26.663649,37.585512,46.131212,52.576329,57.178657,60.177930,61.795777,62.235828,61.684175,60.309815,58.265313,55.687526,52.698413,49.405888,45.904706,42.277363,38.595002,34.918307,31.298384,27.777613,24.390477,21.164343,18.120219,15.273457,12.634414,10.209068,7.999564,6.004681,4.220104,2.638007,1.241352,0.207880,0.876338,1.746380,2.444397,2.996412,3.417243,3.720089,3.917545,4.021743,4.044335,3.996437,3.888576,3.730643,3.531856,3.300734,3.045080,2.771971,2.487757,2.198053,1.907735,1.620909,1.340829,1.069662,0.807731,0.550150,0.207880,0.207880,0.207880,0.207880,0.207880,0.207880,0.320643,0.430344,0.501657,0.548806,0.576146,0.586126,0.580537,0.560831
299.999464,249.540947,204.161069,163.630317,127.690991,96.065876,68.465563,44.594567,24.156250,6.854364,7.577222,19.447496,29.003717,36.500642,42.176796,46.255555,48.944870,50.437145,50.909313,50.523055,49.425268,47.748537,45.611767,43.120861,40.369454,37.439683,34.402963,31.320783,28.245487,25.221045,22.283805,19.463215,16.782522,14.259426,11.906704,9.732784,7.742277,5.936430,4.313448,2.868405,1.590951,0.416426,0.234244,1.171189,1.834450,2.360779,2.766562,3.064152,3.264957,3.379901,3.419490,3.393773,3.312300,3.184072,3.017500,2.820381,2.599868,2.362461,2.113990,1.859602,1.603735,1.350055,1.101288,0.858746,0.620529,0.368590,0.207880,0.207880,0.207880,0.207880,0.207880,0.207880,0.318206,0.411156,0.469984,0.506677,0.525127,0.527529,0.515428,0.489958
308.999576,261.294970,218.018293,179.032456,144.161831,113.201922,85.927591,62.100033,41.472602,23.795557,8.818671,3.679964,13.982295,22.283364,28.807163,33.759591,37.333601,39.709009,41.052318,41.516734,41.242297,40.356243,38.973394,37.196674,35.117692,32.817366,30.366587,27.826898,25.251181,22.684342,20.163988,17.721087,15.380597,13.162085,11.080295,9.145699,7.364985,5.741504,4.275604,2.964685,1.802068,0.764244,0.207880,0.712760,1.346334,1.843846,2.229947,2.516961,2.715377,2.835069,2.885500,2.875739,2.814429,2.709738,2.569321,2.400288,2.209174,2.001921,1.783848,1.559629,1.333233,1.107800,0.885296,0.665386,0.439457,0.207880,0.207880,0.207880,0.207880,0.207880,0.207880,0.207880,0.316598,0.393903,0.441131,0.468092,0.478179,0.473275,0.454587,0.422697
311.004990,266.644482,226.023189,189.097953,155.776770,125.929420,99.396602,75.997707,55.537434,37.811325,22.610291,9.723514,1.004157,9.910760,17.068120,22.698111,26.978114,30.074288,32.141616,33.323719,33.752811,33.549772,32.824420,31.675825,30.192738,28.454083,26.529489,24.479864,22.357982,20.209081,18.071463,15.977085,13.952135,12.017586,10.189735,8.480698,6.898883,5.449404,4.134412,2.953224,1.901675,0.966163,0.207880,0.306253,0.960153,1.428416,1.791807,2.064301,2.255862,2.375488,2.431719,2.432734,2.386337,2.299925,2.180445,2.034360,1.867615,1.685611,1.493161,1.294445,1.092895,0.890934,0.689167,0.482812,0.207880,0.207880,0.207880,0.207880,0.207880,0.207880,0.207880,0.207880,0.314918,0.377813,0.414262,0.432105,0.434193,0.421999,0.396138,0.355866
306.489494,266.002368,228.533857,194.135740,162.800693,134.473890,109.063004,86.446800,66.482483,49.011924,33.866901,20.873396,9.854523,0.567612,6.935116,13.059025,17.875920,21.538496,24.189412,25.961816,26.979174,27.355190,27.193836,26.589549,25.627479,24.383847,22.926356,21.314652,19.600810,17.829845,16.040235,14.264442,12.529425,10.857145,9.265054,7.766551,6.371422,5.086224,3.914606,2.857459,1.912508,1.070704,0.207880,0.207880,0.655687,1.098548,1.437762,1.693036,1.874406,1.990212,2.048197,2.055740,2.019885,1.947314,1.844314,1.716739,1.569972,1.408880,1.237763,1.060247,0.879068,0.695434,0.506532,0.277944,0.207880,0.207880,0.207880,0.207880,0.207880,0.207880,0.207880,0.207880,0.312514,0.362247,0.388647,0.397829,0.392022,0.372032,0.337038,0.280358
295.968395,259.821106,225.946142,194.490672,165.532638,139.093262,115.147938,93.635598,74.466783,57.530542,42.700293,29.838758,18.802008,9.442307,1.593908,4.809108,10.006993,14.091033,17.192928,19.434819,20.930719,21.786404,22.099314,21.958555,21.445016,20.631592,19.583464,18.358450,17.007393,15.574582,14.098198,12.610760,11.139585,9.707232,8.331941,7.028059,5.806430,4.674757,3.637904,2.698041,1.854345,1.100394,0.385751,0.207880,0.406377,0.839512,1.154675,1.391138,1.559976,1.669137,1.725710,1.736367,1.707461,1.645021,1.554720,1.441837,1.311208,1.167168,1.013452,0.852993,0.687390,0.514949,0.314775,0.207880,0.207880,0.207880,0.207880,0.207880,0.207880,0.207880,0.207880,0.207880,0.308932,0.346666,0.363607,0.364333,0.350222,0.320535,0.267669,0.207880
279.992335,248.587111,218.688393,190.538700,164.301326,140.073785,117.899515,97.778025,79.673690,63.523280,49.242428,36.731123,25.878326,16.565781,8.670681,2.057876,3.330897,7.706057,11.135537,13.733666,15.604758,16.846124,17.548072,17.793799,17.659373,17.213808,16.519242,15.631165,14.598712,13.464996,12.267473,11.038321,9.804833,8.589809,7.411949,6.286229,5.224261,4.234622,3.323122,2.492945,1.744377,1.072611,0.442620,0.207880,0.207880,0.637662,0.930679,1.147709,1.302529,1.403029,1.455786,1.466865,1.441999,1.386618,1.305822,1.204341,1.086467,0.955963,0.815867,0.668011,0.511355,0.330143,0.207880,0.207880,0.207880,0.207880,0.207880,0.207880,0.207880,0.207880,0.207880,0.239037,0.303854,0.330591,0.338431,0.330426,0.306252,0.257779,0.207880,0.207880
259.141135,232.814986,207.216159,182.681962,159.460673,137.725875,117.588977,99.110126,82.307668,67.166330,53.644258,41.679050,31.192873,22.096790,14.294296,7.683778,2.152514,2.336806,5.987352,8.837459,10.987644,12.526812,13.537757,14.097304,14.276226,14.139203,13.744871,13.145961,12.389485,11.516981,10.564803,9.564428,8.542785,7.522596,6.522719,5.558473,4.641972,3.782409,2.986301,2.257595,1.597381,1.001758,0.439382,0.207880,0.207880,0.480025,0.755204,0.952997,1.093022,1.183522,1.230714,1.240144,1.216993,1.166141,1.092149,0.999203,0.891019,0.770657,0.640070,0.498559,0.332572,0.207880,0.207880,0.207880,0.207880,0.207880,0.207880,0.207880,0.207880,0.207880,0.207880,0.252144,0.297045,0.313529,0.312193,0.293946,0.250943,0.207880,0.207880,0.207880
234.017613,213.041829,192.006916,171.343913,151.385248,132.379928,114.506870,97.886529,82.591037,68.652997,56.073088,44.826609,34.869082,26.141015,18.571922,12.083598,6.592317,2.002864,1.695951,4.713743,7.055671,8.811659,10.057359,10.862990,11.293679,11.409396,11.264912,10.909826,10.388672,9.741074,9.001950,8.201763,7.366780,6.519358,5.678237,4.858832,4.073510,3.331851,2.640849,2.004983,1.425847,0.899777,0.391424,0.207880,0.207880,0.352362,0.618998,0.798390,0.923410,1.003124,1.043539,1.049765,1.026490,0.978081,0.908571,0.821571,0.720095,0.606113,0.479051,0.325958,0.207880,0.207880,0.207880,0.207880,0.207880,0.207880,0.207880,0.207880,0.207880,0.207880,0.207880,0.258174,0.288278,0.294834,0.283192,0.247103,0.207880,0.207880,0.207880,0.207880
205.241405,189.821497,173.554758,156.964414,140.465748,124.382139,108.959144,94.376853,80.760664,68.190670,56.709817,46.330942,37.042839,28.815449,21.604277,15.354097,10.001969,5.479112,1.703603,1.305647,3.775065,5.675367,7.088088,8.077517,8.703030,9.019637,9.077954,8.924159,8.600014,8.142936,7.586134,6.958783,6.286225,5.590206,4.889112,4.198218,3.529931,2.894004,2.297700,1.745796,1.240071,0.776232,0.296855,0.207880,0.207880,0.207880,0.514137,0.676409,0.786621,0.855193,0.888047,0.889928,0.865070,0.817343,0.750221,0.666615,0.568431,0.455047,0.312902,0.207880,0.207880,0.207880,0.207880,0.207880,0.207880,0.207880,0.207880,0.207880,0.207880,0.207880,0.207880,0.259590,0.277236,0.273311,0.245604,0.207880,0.207880,0.207880,0.207880,0.207880
173.442926,163.719014,152.365222,139.994934,127.104560,114.090379,101.263365,88.862208,77.064723,65.997817,55.746158,46.359707,37.860221,30.246852,23.500938,17.590073,12.471524,8.094951,4.403884,1.325011,1.086944,3.083903,4.604049,5.721080,6.489550,6.959517,7.177277,7.185374,7.022571,6.723849,6.320476,5.840111,5.306957,4.741929,4.162852,3.584666,3.019618,2.477444,1.965473,1.488540,1.048200,0.637986,0.207880,0.207880,0.207880,0.207880,0.434006,0.580662,0.676523,0.733907,0.758737,0.755434,0.727794,0.679159,0.612309,0.529026,0.428491,0.295299,0.207880,0.207880,0.207880,0.207880,0.207880,0.207880,0.207880,0.207880,0.207880,0.207880,0.207880,0.207880,0.207880,0.257220,0.263252,0.245196,0.207880,0.207880,0.207880,0.207880,0.207880,0.207880
139.257353,135.304990,128.950096,120.893737,111.711298,101.870096,91.744911,81.631671,71.759452,62.300997,53.381890,45.088554,37.475171,30.569680,24.378917,18.893029,14.089205,9.934794,6.389730,3.407418,0.915629,0.979760,2.571868,3.767994,4.633198,5.213678,5.551508,5.685506,5.651283,5.481217,5.204453,4.846959,4.431611,3.978319,3.504173,3.023599,2.548516,2.088462,1.650631,1.239633,0.856145,0.487531,0.207880,0.207880,0.207880,0.207880,0.373245,0.505776,0.587868,0.634214,0.650768,0.641627,0.610111,0.558887,0.489583,0.401063,0.274399,0.207880,0.207880,0.207880,0.207880,0.207880,0.207880,0.207880,0.207880,0.207880,0.207880,0.207880,0.207880,0.207880,0.226029,0.251258,0.244308,0.207880,0.207880,0.207880,0.207880,0.207880,0.207880,0.207880
103.318772,105.150174,103.822383,100.121226,94.698488,88.090281,80.733243,72.978864,65.105957,57.331909,49.822134,42.698608,36.047198,29.923980,24.360785,19.369883,14.948035,11.079885,7.740788,4.898890,2.515055,0.494007,0.938467,2.186324,3.109147,3.762462,4.185266,4.412812,4.477523,4.409073,4.234364,3.977535,3.659998,3.300515,2.915291,2.518095,2.120360,1.731255,1.357616,1.003417,0.667063,0.308700,0.207880,0.207880,0.207880,0.207880,0.327647,0.447292,0.516211,0.551767,0.559889,0.544287,0.507641,0.451444,0.374171,0.250250,0.207880,0.207880,0.207880,0.207880,0.207880,0.207880,0.207880,0.207879,0.207880,0.207880,0.207880,0.207880,0.207880,0.207880,0.232882,0.241110,0.207880,0.207880,0.207880,0.207880,0.207880,0.207880,0.207880,0.207880
66.254450,73.820172,77.491396,78.135363,76.477322,73.119581,68.558302,63.198507,57.367120,51.324527,45.274694,39.374025,33.739077,28.453272,23.572737,19.131281,15.144729,11.614592,8.531158,5.875997,3.623590,1.739350,0.207880,0.929179,1.887524,2.582401,3.059757,3.352359,3.489645,3.498586,3.403787,3.227471,2.989488,2.707339,2.396233,2.069151,1.736901,1.408096,1.088911,0.781900,0.478754,0.207880,0.207880,0.207880,0.207880,0.207880,0.294046,0.401543,0.457817,0.482830,0.482321,0.459412,0.415598,0.348964,0.207880,0.207880,0.207880,0.207880,0.207880,0.207880,0.207880,0.207880,0.207880,0.207880,0.207880,0.207880,0.207880,0.207880,0.207880,0.207880,0.232649,0.222341,0.207880,0.207880,0.207880,0.207880,0.207880,0.207880,0.207880,0.207880
28.678964,41.870192,50.457931,55.387258,57.453582,57.322407,55.546899,52.583290,48.804520,44.512257,39.947445,35.299557,30.714681,26.302576,22.142772,18.289887,14.778190,11.625513,8.836577,6.405769,4.319295,2.556109,1.080841,0.207880,0.928091,1.646145,2.153238,2.486567,2.673513,2.738556,2.704035,2.590233,2.415377,2.195636,1.945128,1.675939,1.398100,1.119435,0.844905,0.573467,0.242827,0.207880,0.207880,0.207880,0.207880,0.207880,0.270168,0.365509,0.409551,0.424157,0.414545,0.382651,0.326331,0.207880,0.207880,0.207880,0.207880,0.207880,0.207879,0.207880,0.207880,0.207880,0.207880,0.207880,0.207880,0.207880,0.207880,0.207880,0.207880,0.207880,0.226791,0.207880,0.207880,0.207880,0.207880,0.207880,0.207880,0.207880,0.207880,0.207880
8.802263,9.837861,23.209357,32.316770,38.023566,41.055377,42.019432,41.420617,39.675597,37.125302,34.045876,30.658299,27.136834,23.616362,20.198809,16.958705,13.947990,11.200150,8.733771,6.555503,4.662506,3.044158,1.681510,0.516342,0.207880,0.919756,1.441171,1.795679,2.013010,2.115897,2.124605,2.057527,1.931260,1.760595,1.558491,1.336027,1.102268,0.863821,0.623006,0.363767,0.207880,0.207880,0.207880,0.207880,0.207880,0.207880,0.254410,0.336686,0.368752,0.372794,0.352785,0.306881,0.207880,0.207880,0.207880,0.207879,0.207880,0.207880,0.207880,0.207880,0.207880,0.207880,0.207880,0.207880,0.207880,0.207880,0.207880,0.207880,0.207880,0.215466,0.207880,0.207880,0.207880,0.207880,0.207880,0.207880,0.207880,0.207880,0.207880,0.207880
45.631995,21.743794,3.768774,9.346464,18.570028,24.663588,28.286490,29.989586,30.230775,29.388012,27.770650,25.629427,23.165221,20.536693,17.866972,15.249462,12.752875,10.425583,8.299336,6.392446,4.712423,3.258027,2.020162,0.976707,0.207880,0.318196,0.895216,1.258083,1.490509,1.616104,1.653612,1.619699,1.529381,1.396060,1.231469,1.045538,0.846018,0.637197,0.412263,0.207880,0.207880,0.207880,0.207880,0.207879,0.207880,0.207880,0.245350,0.312963,0.333067,0.325658,0.290852,0.207880,0.207879,0.207880,0.207880,0.207880,0.207880,0.207880,0.207880,0.207880,0.207880,0.207880,0.207880,0.207880,0.207880,0.207880,0.207880,0.207880,0.207880,0.217942,0.207880,0.207880,0.207880,0.207880,0.207880,0.207880,0.207880,0.207880,0.207880,0.207880
81.248741,52.395926,30.065098,13.103745,0.437232,8.475515,14.645354,18.557968,20.710756,21.516394,21.315309,20.386069,18.954455,17.201395,15.269891,13.271053,11.289346,9.387122,7.608527,5.982846,4.527303,3.249330,2.148013,1.212824,0.381186,0.207880,0.474736,0.850280,1.087309,1.223725,1.278227,1.266129,1.200983,1.094812,0.958035,0.799145,0.623648,0.428697,0.207880,0.207880,0.207880,0.207879,0.207879,0.207880,0.207880,0.207880,0.241038,0.292509,0.300152,0.277893,0.207880,0.207880,0.207880,0.207880,0.207880,0.207880,0.207880,0.207880,0.207880,0.207880,0.207880,0.207880,0.207880,0.207880,0.207880,0.207880,0.207880,0.207880,0.207880,0.207880,0.207880,0.207880,0.207880,0.207880,0.207880,0.207880,0.207880,0.207880,0.207880,0.207880
115.140087,81.642463,55.223223,34.671613,18.951668,7.178743,1.351630,7.377897,11.343559,13.715617,14.864036,15.093269,14.652183,13.742328,12.525118,11.128080,9.650290,8.167088,6.734140,5.390928,4.163703,3.067905,2.109880,1.286827,0.573015,0.207879,0.207879,0.545474,0.784046,0.922842,0.985117,0.985611,0.936620,0.848790,0.731008,0.589493,0.423355,0.207880,0.207880,0.207879,0.207879,0.207880,0.207880,0.207880,0.207880,0.207880,0.238968,0.273628,0.266691,0.207880,0.207880,0.207880,0.207880,0.207880,0.207880,0.207880,0.207880,0.207880,0.207880,0.207880,0.207880,0.207880,0.207880,0.207880,0.207880,0.207880,0.207880,0.207880,0.207880,0.207880,0.207880,0.207880,0.207880,0.207880,0.207880,0.207880,0.207880,0.207880,0.207880,0.207880
146.826567,109.048789,78.857400,54.988088,36.356652,22.036491,11.238321,3.287466,2.331586,6.176370,8.589174,9.905931,10.397271,10.283734,9.743608,8.919447,7.923708,6.843621,5.745411,4.677908,3.675631,2.761325,1.947832,1.238476,0.618379,0.207880,0.207880,0.297022,0.561037,0.697616,0.760921,0.766747,0.726441,0.649171,0.541527,0.403519,0.207880,0.207879,0.207879,0.207880,0.207879,0.207880,0.207880,0.207879,0.207880,0.207880,0.236936,0.254361,0.210980,0.207880,0.207880,0.207880,0.207880,0.207880,0.207880,0.207880,0.207880,0.207880,0.207880,0.207880,0.207880,0.207880,0.207880,0.207880,0.207880,0.207880,0.207880,0.207880,0.207880,0.207880,0.207880,0.207880,0.207880,0.207880,0.207880,0.207880,0.207880,0.207880,0.207880,0.207880
175.868345,134.215620,100.605573,73.726066,52.449519,35.810237,22.984056,13.270170,6.074027,0.859460,2.642887,4.965755,6.317720,6.940532,7.028226,6.737027,6.191484,5.489560,4.706993,3.901044,3.113673,2.374173,1.701107,1.102730,0.568260,0.207880,0.207880,0.207880,0.398048,0.532911,0.592748,0.598312,0.560349,0.485914,0.375367,0.207879,0.207879,0.207879,0.207880,0.207880,0.207879,0.207879,0.207879,0.207880,0.207880,0.207880,0.233463,0.229997,0.207880,0.207880,0.207880,0.207880,0.207880,0.207880,0.207880,0.207880,0.207880,0.207880,0.207880,0.207880,0.207880,0.207880,0.207880,0.207880,0.207880,0.207880,0.207880,0.207880,0.207880,0.207880,0.207880,0.207880,0.207880,0.207880,0.207880,0.207880,0.207880,0.207880,0.207880,0.207880
201.868985,156.782659,120.140740,90.589074,66.962058,48.259587,33.626471,22.334097,13.764043,7.393197,2.777035,0.236781,2.524705,3.815752,4.472008,4.664252,4.528176,4.171350,3.677964,3.112729,2.524162,1.947275,1.405486,0.910606,0.448226,0.207879,0.207879,0.207879,0.266643,0.414962,0.468678,0.469533,0.427696,0.344179,0.207880,0.207879,0.207879,0.207879,0.207879,0.207879,0.207879,0.207880,0.207880,0.207880,0.207880,0.207880,0.227386,0.207880,0.207880,0.207880,0.207880,0.207880,0.207880,0.207880,0.207880,0.207880,0.207880,0.207880,0.207880,0.207880,0.207880,0.207880,0.207880,0.207880,0.207880,0.207880,0.207880,0.207880,0.207880,0.207880,0.207880,0.207880,0.207880,0.207880,0.207880,0.207880,0.207880,0.207880,0.207880,0.207880
224.478380,176.431711,137.173902,105.314898,79.656610,59.169496,42.971794,30.310919,20.546948,13.137911,7.626526,3.627165,0.787575,0.978341,2.153744,2.773976,2.999544,2.947880,2.710818,2.359584,1.948332,1.516878,1.092401,0.687856,0.207879,0.207879,0.207879,0.207880,0.207880,0.331952,0.378160,0.369997,0.314133,0.207879,0.207879,0.207879,0.207879,0.207879,0.207880,0.207880,0.207880,0.207880,0.207880,0.207879,0.207879,0.207879,0.215012,0.207880,0.207880,0.207880,0.207880,0.207880,0.207880,0.207880,0.207880,0.207880,0.207880,0.207880,0.207880,0.207880,0.207880,0.207880,0.207880,0.207880,0.207880,0.207880,0.207880,0.207880,0.207880,0.207880,0.207880,0.207880,0.207880,0.207880,0.207880,0.207880,0.207880,0.207880,0.207880,0.207880
243.395672,192.889176,151.456458,117.677874,90.328507,68.354562,50.852319,37.049371,26.287950,18.010066,11.744344,7.094156,3.726388,1.353987,0.207880,1.117956,1.659277,1.868712,1.850218,1.681434,1.421381,1.113652,0.787454,0.448744,0.207879,0.207880,0.207880,0.207880,0.207880,0.274241,0.312101,0.287524,0.207880,0.207880,0.207879,0.207880,0.207880,0.207880,0.207880,0.207879,0.207879,0.207879,0.207879,0.207879,0.207879,0.207879,0.207880,0.207880,0.207880,0.207880,0.207880,0.207880,0.207880,0.207880,0.207880,0.207880,0.207880,0.207880,0.207880,0.207880,0.207880,0.207880,0.207880,0.207880,0.207880,0.207880,0.207880,0.207880,0.207880,0.207880,0.207880,0.207880,0.207880,0.207880,0.207880,0.207880,0.207880,0.207880,0.207880,0.207880
258.371445,205.928144,162.782168,127.490709,98.807857,75.660805,57.128643,42.423431,30.873389,21.907932,15.044399,9.876248,6.062471,3.317580,1.397884,0.207879,0.516795,0.968376,1.130645,1.109848,0.971233,0.761131,0.506001,0.207880,0.207880,0.207880,0.207880,0.207880,0.207880,0.233519,0.262083,0.207879,0.207880,0.207880,0.207880,0.207880,0.207880,0.207879,0.207879,0.207879,0.207879,0.207879,0.207879,0.207879,0.207880,0.207880,0.207880,0.207880,0.207880,0.207880,0.207880,0.207880,0.207880,0.207880,0.207880,0.207880,0.207880,0.207880,0.207880,0.207880,0.207880,0.207880,0.207880,0.207880,0.207880,0.207880,0.207880,0.207880,0.207880,0.207880,0.207880,0.207880,0.207880,0.207880,0.207880,0.207880,0.207880,0.207880,0.207880,0.207880
269.209713,215.370285,170.988899,134.606126,104.960984,80.967024,61.690988,46.333781,34.213560,24.750665,17.454300,11.910658,7.772403,4.749178,2.598432,1.111512,0.207880,0.207880,0.567066,0.665179,0.616528,0.471652,0.207879,0.207879,0.207879,0.207879,0.207880,0.207879,0.207879,0.207880,0.207880,0.207880,0.207880,0.207880,0.207880,0.207880,0.207880,0.207880,0.207879,0.207879,0.207879,0.207879,0.207880,0.207879,0.207880,0.207880,0.207880,0.207880,0.207880,0.207880,0.207880,0.207880,0.207880,0.207880,0.207880,0.207880,0.207880,0.207880,0.207880,0.207880,0.207880,0.207880,0.207880,0.207880,0.207880,0.207880,0.207880,0.207880,0.207880,0.207880,0.207880,0.207880,0.207880,0.207880,0.207880,0.207880,0.207880,0.207880,0.207880,0.207880
275.769406,221.087208,175.959902,138.918052,108.691606,84.185900,64.460239,48.708817,36.243727,26.479846,18.921459,13.150365,8.815338,5.622719,3.327778,1.725483,0.626216,0.207880,0.207880,0.346133,0.363008,0.207879,0.207879,0.207880,0.207879,0.207879,0.207879,0.207880,0.207880,0.207880,0.207880,0.207879,0.207879,0.207880,0.207880,0.207880,0.207880,0.207880,0.207880,0.207879,0.207880,0.207880,0.207880,0.207879,0.207879,0.207879,0.207880,0.207880,0.207880,0.207880,0.207880,0.207880,0.207880,0.207880,0.207880,0.207880,0.207880,0.207880,0.207880,0.207880,0.207880,0.207880,0.207880,0.207880,0.207880,0.207880,0.207880,0.207880,0.207880,0.207880,0.207880,0.207880,0.207880,0.207880,0.207880,0.207880,0.207880,0.207880,0.207880,0.207880
277.965443,223.001472,177.624795,140.362490,109.941621,85.264730,65.388645,49.505315,36.924806,27.060171,19.414058,13.566792,9.165838,5.916404,3.572902,1.930278,0.807898,0.207880,0.207880,0.207879,0.207880,0.207880,0.207879,0.207879,0.207879,0.207879,0.207880,0.207880,0.207880,0.207880,0.207880,0.207880,0.207880,0.207880,0.207879,0.207880,0.207880,0.207880,0.207880,0.207880,0.207880,0.207880,0.207880,0.207879,0.207879,0.207879,0.207879,0.207879,0.207880,0.207880,0.207880,0.207880,0.207880,0.207880,0.207880,0.207880,0.207880,0.207880,0.207880,0.207880,0.207880,0.207880,0.207880,0.207880,0.207880,0.207880,0.207880,0.207880,0.207880,0.207880,0.207880,0.207880,0.207880,0.207880,0.207880,0.207880,0.207880,0.207880,0.207880,0.207880
